brand,review_text,product,link
safari trolley bag,Quality is good and value for money,/dp/B0C1K7SD4W,https://www.amazon.in/dp/B0C1K7SD4W
safari trolley bag,Very good product and value for money. Received in good condition. I like the color. Handle Quality is good.,/dp/B0C1K7SD4W,https://www.amazon.in/dp/B0C1K7SD4W
safari trolley bag,Very nice bag. The quality of this bag is very nice. The bag is sturdy and easy to carry. I have been using it for 6 months now. The zipper is of very nice quality and the bag color looks good. I find the outer compartment very handy to keep stuff I need while travelling and lock away the other stuff. The packaging is also good. Very happy with the purchase.,/dp/B0C1K7SD4W,https://www.amazon.in/dp/B0C1K7SD4W
safari trolley bag,The bag is of good quality and I have already sent it to my people at home,/dp/B0C1K7SD4W,https://www.amazon.in/dp/B0C1K7SD4W
safari trolley bag,"Really impressed with the quality. Strong polyester material, easy to move, and the size is just right for medium trips. Totally worth it",/dp/B0C1K7SD4W,https://www.amazon.in/dp/B0C1K7SD4W
safari trolley bag,Quality of product is looking good.space is enough for 4-5 days travel packing for one person. its made in Bangladesh not in india,/dp/B0C1K7SD4W,https://www.amazon.in/dp/B0C1K7SD4W
safari trolley bag,"I ordered for green colour L. But I received black colour L. Initial impression is good. Everything is same as advertised
But I have to use it for a long term to get to know it's quality.",/dp/B0C1K7SD4W,https://www.amazon.in/dp/B0C1K7SD4W
safari trolley bag,Good quality product...,/dp/B0C1K7SD4W,https://www.amazon.in/dp/B0C1K7SD4W
safari trolley bag,"Nice bagg.
But need more pockets",/dp/B0C1K7SD4W,https://www.amazon.in/dp/B0C1K7SD4W
safari trolley bag,"Olive green ordered but received
Black colour",/dp/B0C1K7SD4W,https://www.amazon.in/dp/B0C1K7SD4W
safari trolley bag,"If you’re looking for an affordable, durable, and practical luggage set, this is a solid choice. It may not be luxury-level, but for regular travel, it does the job really well and feels reliable.",/dp/B0C1K7SD4W,https://www.amazon.in/dp/B0C1K7SD4W
safari trolley bag,"Product quality, design, colour , Zipper quality and appearance all are good.
Durable and Valuable for money.",/dp/B0C1K7SD4W,https://www.amazon.in/dp/B0C1K7SD4W
safari trolley bag,Good.. value for money,/dp/B0C1K7SD4W,https://www.amazon.in/dp/B0C1K7SD4W
safari trolley bag,"Is lightweight,good price but could have been a little better quality ,good size for long journey travelling",/dp/B0C1K7SD4W,https://www.amazon.in/dp/B0C1K7SD4W
safari trolley bag,"Only brand name , low quality product",/dp/B0C1K7SD4W,https://www.amazon.in/dp/B0C1K7SD4W
safari trolley bag,Worth for money. Looks good.,/dp/B0C1K7SD4W,https://www.amazon.in/dp/B0C1K7SD4W
safari trolley bag,Material is good . Quality is impressive. Easy to carry,/dp/B0C1K7SD4W,https://www.amazon.in/dp/B0C1K7SD4W
safari trolley bag,"Great product and timely delivery, good value for money.👍",/dp/B0C1K7SD4W,https://www.amazon.in/dp/B0C1K7SD4W
safari trolley bag,"I’ve been using the suitcase trolley for a few days now, and overall it’s performing well with no major issues so far. The build, storage space, and usability seem satisfactory for regular travel needs.

However, one concern is with the trolley wheels. The wheels shown in the product images on the Amazon listing appear different from the ones actually delivered. The quality of the wheels also doesn’t seem to fully match what was portrayed online, which is a bit disappointing.

Aside from this mismatch, the product is functioning fine at the moment. I hope the wheel durability holds up over time. Would recommend the seller to provide more accurate images and details to avoid confusion for buyers.",/dp/B0C1K7SD4W,https://www.amazon.in/dp/B0C1K7SD4W
safari trolley bag,"durability is ok, wheels are perfect, zips perfect, it is easy to carry except the large bag",/dp/B0C1K7SD4W,https://www.amazon.in/dp/B0C1K7SD4W
safari trolley bag,"I ordered for green colour L. But I received black colour L. Initial impression is good. Everything is same as advertised
But I have to use it for a long term to get to know it's quality..",/dp/B0C1K7SD4W,https://www.amazon.in/dp/B0C1K7SD4W
safari trolley bag,Very nice bag. The quality of this bag is very nice. The bag is sturdy and easy to carry. I have been using it for 6 months now. The zipper is of very nice quality and the bag color looks good. I find the outer compartment very handy to keep stuff I need while travelling and lock away the other stuff. The packaging is also good. Very happy with the purchase..,/dp/B0C1K7SD4W,https://www.amazon.in/dp/B0C1K7SD4W
safari trolley bag,"Is lightweight,good price but could have been a little better quality ,good size for long journey travelling.",/dp/B0C1K7SD4W,https://www.amazon.in/dp/B0C1K7SD4W
safari trolley bag,Material is good . Quality is impressive. Easy to carry.,/dp/B0C1K7SD4W,https://www.amazon.in/dp/B0C1K7SD4W
safari trolley bag,"If you’re looking for an affordable, durable, and practical luggage set, this is a solid choice. It may not be luxury-level, but for regular travel, it does the job really well and feels reliable..",/dp/B0C1K7SD4W,https://www.amazon.in/dp/B0C1K7SD4W
safari trolley bag,"Nice bagg.
But need more pockets.",/dp/B0C1K7SD4W,https://www.amazon.in/dp/B0C1K7SD4W
safari trolley bag,"Nice bagg.
But need more pockets.",/dp/B0C1K7SD4W,https://www.amazon.in/dp/B0C1K7SD4W
safari trolley bag,Material is good . Quality is impressive. Easy to carry.,/dp/B0C1K7SD4W,https://www.amazon.in/dp/B0C1K7SD4W
safari trolley bag,Worth for money. Looks good..,/dp/B0C1K7SD4W,https://www.amazon.in/dp/B0C1K7SD4W
safari trolley bag,Material is good . Quality is impressive. Easy to carry.,/dp/B0C1K7SD4W,https://www.amazon.in/dp/B0C1K7SD4W
safari trolley bag,"Great product and timely delivery, good value for money.👍.",/dp/B0C1K7SD4W,https://www.amazon.in/dp/B0C1K7SD4W
safari trolley bag,Good quality product....,/dp/B0C1K7SD4W,https://www.amazon.in/dp/B0C1K7SD4W
safari trolley bag,Quality is good and value for money.,/dp/B0C1K7SD4W,https://www.amazon.in/dp/B0C1K7SD4W
safari trolley bag,"I ordered for green colour L. But I received black colour L. Initial impression is good. Everything is same as advertised
But I have to use it for a long term to get to know it's quality..",/dp/B0C1K7SD4W,https://www.amazon.in/dp/B0C1K7SD4W
safari trolley bag,Very nice bag. The quality of this bag is very nice. The bag is sturdy and easy to carry. I have been using it for 6 months now. The zipper is of very nice quality and the bag color looks good. I find the outer compartment very handy to keep stuff I need while travelling and lock away the other stuff. The packaging is also good. Very happy with the purchase..,/dp/B0C1K7SD4W,https://www.amazon.in/dp/B0C1K7SD4W
safari trolley bag,Very good product and value for money. Received in good condition. I like the color. Handle Quality is good..,/dp/B0C1K7SD4W,https://www.amazon.in/dp/B0C1K7SD4W
safari trolley bag,Material is good . Quality is impressive. Easy to carry.,/dp/B0C1K7SD4W,https://www.amazon.in/dp/B0C1K7SD4W
safari trolley bag,"I ordered for green colour L. But I received black colour L. Initial impression is good. Everything is same as advertised
But I have to use it for a long term to get to know it's quality..",/dp/B0C1K7SD4W,https://www.amazon.in/dp/B0C1K7SD4W
safari trolley bag,"Is lightweight,good price but could have been a little better quality ,good size for long journey travelling.",/dp/B0C1K7SD4W,https://www.amazon.in/dp/B0C1K7SD4W
safari trolley bag,Very good product and value for money. Received in good condition. I like the color. Handle Quality is good..,/dp/B0C1K7SD4W,https://www.amazon.in/dp/B0C1K7SD4W
safari trolley bag,"Nice bagg.
But need more pockets.",/dp/B0C1K7SD4W,https://www.amazon.in/dp/B0C1K7SD4W
safari trolley bag,"I’ve been using the suitcase trolley for a few days now, and overall it’s performing well with no major issues so far. The build, storage space, and usability seem satisfactory for regular travel needs.

However, one concern is with the trolley wheels. The wheels shown in the product images on the Amazon listing appear different from the ones actually delivered. The quality of the wheels also doesn’t seem to fully match what was portrayed online, which is a bit disappointing.

Aside from this mismatch, the product is functioning fine at the moment. I hope the wheel durability holds up over time. Would recommend the seller to provide more accurate images and details to avoid confusion for buyers..",/dp/B0C1K7SD4W,https://www.amazon.in/dp/B0C1K7SD4W
safari trolley bag,Very nice bag. The quality of this bag is very nice. The bag is sturdy and easy to carry. I have been using it for 6 months now. The zipper is of very nice quality and the bag color looks good. I find the outer compartment very handy to keep stuff I need while travelling and lock away the other stuff. The packaging is also good. Very happy with the purchase..,/dp/B0C1K7SD4W,https://www.amazon.in/dp/B0C1K7SD4W
safari trolley bag,"Olive green ordered but received
Black colour.",/dp/B0C1K7SD4W,https://www.amazon.in/dp/B0C1K7SD4W
safari trolley bag,"If you’re looking for an affordable, durable, and practical luggage set, this is a solid choice. It may not be luxury-level, but for regular travel, it does the job really well and feels reliable..",/dp/B0C1K7SD4W,https://www.amazon.in/dp/B0C1K7SD4W
safari trolley bag,Good.. value for money.,/dp/B0C1K7SD4W,https://www.amazon.in/dp/B0C1K7SD4W
safari trolley bag,The bag is of good quality and I have already sent it to my people at home.,/dp/B0C1K7SD4W,https://www.amazon.in/dp/B0C1K7SD4W
safari trolley bag,"Is lightweight,good price but could have been a little better quality ,good size for long journey travelling.",/dp/B0C1K7SD4W,https://www.amazon.in/dp/B0C1K7SD4W
safari trolley bag,Very nice bag. The quality of this bag is very nice. The bag is sturdy and easy to carry. I have been using it for 6 months now. The zipper is of very nice quality and the bag color looks good. I find the outer compartment very handy to keep stuff I need while travelling and lock away the other stuff. The packaging is also good. Very happy with the purchase..,/dp/B0C1K7SD4W,https://www.amazon.in/dp/B0C1K7SD4W
safari trolley bag,Very nice bag. The quality of this bag is very nice. The bag is sturdy and easy to carry. I have been using it for 6 months now. The zipper is of very nice quality and the bag color looks good. I find the outer compartment very handy to keep stuff I need while travelling and lock away the other stuff. The packaging is also good. Very happy with the purchase..,/dp/B0C1K7SD4W,https://www.amazon.in/dp/B0C1K7SD4W
safari trolley bag,"Nice bagg.
But need more pockets.",/dp/B0C1K7SD4W,https://www.amazon.in/dp/B0C1K7SD4W
skybags trolley bag,"Enough storage space as mentioned in the description, value for money as well as easy to carry and use, the wheel quality is too good lock system is very easy to understand and use and we can easily carry 2 persons luggage in this one bag by using it’s both side so overall product quality as well as space is too good 10/10 from my side.",/dp/B0C8ZY4579,https://www.amazon.in/dp/B0C8ZY4579
skybags trolley bag,"Very good quality and good looking trolley,in this price nice product",/dp/B0C8ZY4579,https://www.amazon.in/dp/B0C8ZY4579
skybags trolley bag,Just just justtt wowwww looks very very stylish and premium and all the 3 trolly bags are coming with tsa lock with 5 years international warranty very light weight easy to use colour was soo good such a quality bag for this price thank you,/dp/B0C8ZY4579,https://www.amazon.in/dp/B0C8ZY4579
skybags trolley bag,"Looking classy, good material and nice colour.... Sky bags r my favorite.",/dp/B0C8ZY4579,https://www.amazon.in/dp/B0C8ZY4579
skybags trolley bag,Horrible experience with this article. Bag tilt as 2 tyre don't hold the correct weight of the bag. Please help me out as I am not available to return it. How to repair it.,/dp/B0C8ZY4579,https://www.amazon.in/dp/B0C8ZY4579
skybags trolley bag,"The bag looks very classy and premium, no doubt. But the build quality is quite weak — the shell feels thin and not very sturdy. Great for light use, but not for heavy or rough travel.

Overall: great look, average durability.

Rating: ⭐⭐⭐☆☆ (3/5)",/dp/B0C8ZY4579,https://www.amazon.in/dp/B0C8ZY4579
skybags trolley bag,"Trolly is so good .Best for few days travelling Can fit many clothes easily ,It’s very useful for 2 people maximum go for it",/dp/B0C8ZY4579,https://www.amazon.in/dp/B0C8ZY4579
skybags trolley bag,Overall good product,/dp/B0C8ZY4579,https://www.amazon.in/dp/B0C8ZY4579
skybags trolley bag,"I am in love with this Skybags Lush set! The pink-blue print is even more vibrant in person and makes it so easy to spot at the airport. The 8 dual wheels provide effortless 360-degree movement, and the TSA lock gives me total peace of mind for international trips. The scratch-resistant finish actually works, keeping the bags looking premium even after rough handling. If you want a mix of style, security, and durability.",/dp/B0C8ZY4579,https://www.amazon.in/dp/B0C8ZY4579
skybags trolley bag,Received with Exterior laminate scratches and peel ....,/dp/B0C8ZY4579,https://www.amazon.in/dp/B0C8ZY4579
skybags trolley bag,Horrible experience with this article. Bag tilt as 2 tyre don't hold the correct weight of the bag. Please help me out as I am not available to return it. How to repair it..,/dp/B0C8ZY4579,https://www.amazon.in/dp/B0C8ZY4579
skybags trolley bag,Overall good product.,/dp/B0C8ZY4579,https://www.amazon.in/dp/B0C8ZY4579
skybags trolley bag,Overall good product.,/dp/B0C8ZY4579,https://www.amazon.in/dp/B0C8ZY4579
skybags trolley bag,"Enough storage space as mentioned in the description, value for money as well as easy to carry and use, the wheel quality is too good lock system is very easy to understand and use and we can easily carry 2 persons luggage in this one bag by using it’s both side so overall product quality as well as space is too good 10/10 from my side..",/dp/B0C8ZY4579,https://www.amazon.in/dp/B0C8ZY4579
skybags trolley bag,Just just justtt wowwww looks very very stylish and premium and all the 3 trolly bags are coming with tsa lock with 5 years international warranty very light weight easy to use colour was soo good such a quality bag for this price thank you.,/dp/B0C8ZY4579,https://www.amazon.in/dp/B0C8ZY4579
skybags trolley bag,Just just justtt wowwww looks very very stylish and premium and all the 3 trolly bags are coming with tsa lock with 5 years international warranty very light weight easy to use colour was soo good such a quality bag for this price thank you.,/dp/B0C8ZY4579,https://www.amazon.in/dp/B0C8ZY4579
skybags trolley bag,"Enough storage space as mentioned in the description, value for money as well as easy to carry and use, the wheel quality is too good lock system is very easy to understand and use and we can easily carry 2 persons luggage in this one bag by using it’s both side so overall product quality as well as space is too good 10/10 from my side..",/dp/B0C8ZY4579,https://www.amazon.in/dp/B0C8ZY4579
skybags trolley bag,"I am in love with this Skybags Lush set! The pink-blue print is even more vibrant in person and makes it so easy to spot at the airport. The 8 dual wheels provide effortless 360-degree movement, and the TSA lock gives me total peace of mind for international trips. The scratch-resistant finish actually works, keeping the bags looking premium even after rough handling. If you want a mix of style, security, and durability..",/dp/B0C8ZY4579,https://www.amazon.in/dp/B0C8ZY4579
skybags trolley bag,"Looking classy, good material and nice colour.... Sky bags r my favorite..",/dp/B0C8ZY4579,https://www.amazon.in/dp/B0C8ZY4579
skybags trolley bag,Horrible experience with this article. Bag tilt as 2 tyre don't hold the correct weight of the bag. Please help me out as I am not available to return it. How to repair it..,/dp/B0C8ZY4579,https://www.amazon.in/dp/B0C8ZY4579
skybags trolley bag,"Looking classy, good material and nice colour.... Sky bags r my favorite..",/dp/B0C8ZY4579,https://www.amazon.in/dp/B0C8ZY4579
skybags trolley bag,Just just justtt wowwww looks very very stylish and premium and all the 3 trolly bags are coming with tsa lock with 5 years international warranty very light weight easy to use colour was soo good such a quality bag for this price thank you.,/dp/B0C8ZY4579,https://www.amazon.in/dp/B0C8ZY4579
skybags trolley bag,Overall good product.,/dp/B0C8ZY4579,https://www.amazon.in/dp/B0C8ZY4579
skybags trolley bag,"I am in love with this Skybags Lush set! The pink-blue print is even more vibrant in person and makes it so easy to spot at the airport. The 8 dual wheels provide effortless 360-degree movement, and the TSA lock gives me total peace of mind for international trips. The scratch-resistant finish actually works, keeping the bags looking premium even after rough handling. If you want a mix of style, security, and durability..",/dp/B0C8ZY4579,https://www.amazon.in/dp/B0C8ZY4579
skybags trolley bag,Overall good product.,/dp/B0C8ZY4579,https://www.amazon.in/dp/B0C8ZY4579
skybags trolley bag,"Enough storage space as mentioned in the description, value for money as well as easy to carry and use, the wheel quality is too good lock system is very easy to understand and use and we can easily carry 2 persons luggage in this one bag by using it’s both side so overall product quality as well as space is too good 10/10 from my side..",/dp/B0C8ZY4579,https://www.amazon.in/dp/B0C8ZY4579
skybags trolley bag,Horrible experience with this article. Bag tilt as 2 tyre don't hold the correct weight of the bag. Please help me out as I am not available to return it. How to repair it..,/dp/B0C8ZY4579,https://www.amazon.in/dp/B0C8ZY4579
skybags trolley bag,Just just justtt wowwww looks very very stylish and premium and all the 3 trolly bags are coming with tsa lock with 5 years international warranty very light weight easy to use colour was soo good such a quality bag for this price thank you.,/dp/B0C8ZY4579,https://www.amazon.in/dp/B0C8ZY4579
skybags trolley bag,Overall good product.,/dp/B0C8ZY4579,https://www.amazon.in/dp/B0C8ZY4579
skybags trolley bag,"Looking classy, good material and nice colour.... Sky bags r my favorite..",/dp/B0C8ZY4579,https://www.amazon.in/dp/B0C8ZY4579
skybags trolley bag,Overall good product.,/dp/B0C8ZY4579,https://www.amazon.in/dp/B0C8ZY4579
skybags trolley bag,Overall good product.,/dp/B0C8ZY4579,https://www.amazon.in/dp/B0C8ZY4579
skybags trolley bag,Received with Exterior laminate scratches and peel .....,/dp/B0C8ZY4579,https://www.amazon.in/dp/B0C8ZY4579
skybags trolley bag,Just just justtt wowwww looks very very stylish and premium and all the 3 trolly bags are coming with tsa lock with 5 years international warranty very light weight easy to use colour was soo good such a quality bag for this price thank you.,/dp/B0C8ZY4579,https://www.amazon.in/dp/B0C8ZY4579
skybags trolley bag,"Very good quality and good looking trolley,in this price nice product.",/dp/B0C8ZY4579,https://www.amazon.in/dp/B0C8ZY4579
skybags trolley bag,"Enough storage space as mentioned in the description, value for money as well as easy to carry and use, the wheel quality is too good lock system is very easy to understand and use and we can easily carry 2 persons luggage in this one bag by using it’s both side so overall product quality as well as space is too good 10/10 from my side..",/dp/B0C8ZY4579,https://www.amazon.in/dp/B0C8ZY4579
skybags trolley bag,"Looking classy, good material and nice colour.... Sky bags r my favorite..",/dp/B0C8ZY4579,https://www.amazon.in/dp/B0C8ZY4579
skybags trolley bag,Overall good product.,/dp/B0C8ZY4579,https://www.amazon.in/dp/B0C8ZY4579
skybags trolley bag,Just just justtt wowwww looks very very stylish and premium and all the 3 trolly bags are coming with tsa lock with 5 years international warranty very light weight easy to use colour was soo good such a quality bag for this price thank you.,/dp/B0C8ZY4579,https://www.amazon.in/dp/B0C8ZY4579
skybags trolley bag,"Looking classy, good material and nice colour.... Sky bags r my favorite..",/dp/B0C8ZY4579,https://www.amazon.in/dp/B0C8ZY4579
skybags trolley bag,Received with Exterior laminate scratches and peel .....,/dp/B0C8ZY4579,https://www.amazon.in/dp/B0C8ZY4579
skybags trolley bag,"The bag looks very classy and premium, no doubt. But the build quality is quite weak — the shell feels thin and not very sturdy. Great for light use, but not for heavy or rough travel.

Overall: great look, average durability.

Rating: ⭐⭐⭐☆☆ (3/5).",/dp/B0C8ZY4579,https://www.amazon.in/dp/B0C8ZY4579
skybags trolley bag,"Very good quality and good looking trolley,in this price nice product.",/dp/B0C8ZY4579,https://www.amazon.in/dp/B0C8ZY4579
skybags trolley bag,"Looking classy, good material and nice colour.... Sky bags r my favorite..",/dp/B0C8ZY4579,https://www.amazon.in/dp/B0C8ZY4579
skybags trolley bag,"Enough storage space as mentioned in the description, value for money as well as easy to carry and use, the wheel quality is too good lock system is very easy to understand and use and we can easily carry 2 persons luggage in this one bag by using it’s both side so overall product quality as well as space is too good 10/10 from my side..",/dp/B0C8ZY4579,https://www.amazon.in/dp/B0C8ZY4579
skybags trolley bag,Just just justtt wowwww looks very very stylish and premium and all the 3 trolly bags are coming with tsa lock with 5 years international warranty very light weight easy to use colour was soo good such a quality bag for this price thank you.,/dp/B0C8ZY4579,https://www.amazon.in/dp/B0C8ZY4579
skybags trolley bag,Just just justtt wowwww looks very very stylish and premium and all the 3 trolly bags are coming with tsa lock with 5 years international warranty very light weight easy to use colour was soo good such a quality bag for this price thank you.,/dp/B0C8ZY4579,https://www.amazon.in/dp/B0C8ZY4579
skybags trolley bag,"Enough storage space as mentioned in the description, value for money as well as easy to carry and use, the wheel quality is too good lock system is very easy to understand and use and we can easily carry 2 persons luggage in this one bag by using it’s both side so overall product quality as well as space is too good 10/10 from my side..",/dp/B0C8ZY4579,https://www.amazon.in/dp/B0C8ZY4579
skybags trolley bag,Overall good product.,/dp/B0C8ZY4579,https://www.amazon.in/dp/B0C8ZY4579
skybags trolley bag,"Enough storage space as mentioned in the description, value for money as well as easy to carry and use, the wheel quality is too good lock system is very easy to understand and use and we can easily carry 2 persons luggage in this one bag by using it’s both side so overall product quality as well as space is too good 10/10 from my side..",/dp/B0C8ZY4579,https://www.amazon.in/dp/B0C8ZY4579
skybags trolley bag,Overall good product.,/dp/B0C8ZY4579,https://www.amazon.in/dp/B0C8ZY4579
vip luggage bag,Good,/dp/B09NXV58V3,https://www.amazon.in/dp/B09NXV58V3
vip luggage bag,"Good product,value of money,n good quality",/dp/B09NXV58V3,https://www.amazon.in/dp/B09NXV58V3
vip luggage bag,"Good product, storage capacity is good",/dp/B09NXV58V3,https://www.amazon.in/dp/B09NXV58V3
vip luggage bag,"Bag quality is poor, handle broken with half load",/dp/B09NXV58V3,https://www.amazon.in/dp/B09NXV58V3
vip luggage bag,"Good quality, Strong and Study travelling bag at best price.",/dp/B09NXV58V3,https://www.amazon.in/dp/B09NXV58V3
vip luggage bag,"Quality & Durability: it's Aristocrat. Enough said.

Size: Perfect for packing all clothes and other items for a single person for a 3-5 days tour anywhere, leaving enough space to pack some more on the way back (provided, the person packing knows how to pack).

Value for Money: Costs less than 30% of MRP. Case settled.

Appearance: It looks exactly like a bag! Add to that the Aristrocat logo in bold, sturdy handles and you have an idea.

Ease of use: Well... it's a 'bag'. It's easy if you have known any bag in your entire life.

5 stars out of 5. The perfect choice for a single traveller or even a couple for a couple of days.",/dp/B09NXV58V3,https://www.amazon.in/dp/B09NXV58V3
vip luggage bag,Ekdom faltu bag,/dp/B09NXV58V3,https://www.amazon.in/dp/B09NXV58V3
vip luggage bag,Resin used is very thin,/dp/B09NXV58V3,https://www.amazon.in/dp/B09NXV58V3
vip luggage bag,Good material,/dp/B09NXV58V3,https://www.amazon.in/dp/B09NXV58V3
vip luggage bag,Ekdom faltu bag.,/dp/B09NXV58V3,https://www.amazon.in/dp/B09NXV58V3
vip luggage bag,"Bag quality is poor, handle broken with half load.",/dp/B09NXV58V3,https://www.amazon.in/dp/B09NXV58V3
vip luggage bag,"Good product,value of money,n good quality.",/dp/B09NXV58V3,https://www.amazon.in/dp/B09NXV58V3
vip luggage bag,Ekdom faltu bag.,/dp/B09NXV58V3,https://www.amazon.in/dp/B09NXV58V3
vip luggage bag,"Bag quality is poor, handle broken with half load.",/dp/B09NXV58V3,https://www.amazon.in/dp/B09NXV58V3
vip luggage bag,Good.,/dp/B09NXV58V3,https://www.amazon.in/dp/B09NXV58V3
vip luggage bag,Resin used is very thin.,/dp/B09NXV58V3,https://www.amazon.in/dp/B09NXV58V3
vip luggage bag,Good.,/dp/B09NXV58V3,https://www.amazon.in/dp/B09NXV58V3
vip luggage bag,"Good product, storage capacity is good.",/dp/B09NXV58V3,https://www.amazon.in/dp/B09NXV58V3
vip luggage bag,Good material.,/dp/B09NXV58V3,https://www.amazon.in/dp/B09NXV58V3
vip luggage bag,Ekdom faltu bag.,/dp/B09NXV58V3,https://www.amazon.in/dp/B09NXV58V3
vip luggage bag,Resin used is very thin.,/dp/B09NXV58V3,https://www.amazon.in/dp/B09NXV58V3
vip luggage bag,Good material.,/dp/B09NXV58V3,https://www.amazon.in/dp/B09NXV58V3
vip luggage bag,Good material.,/dp/B09NXV58V3,https://www.amazon.in/dp/B09NXV58V3
vip luggage bag,"Good product,value of money,n good quality.",/dp/B09NXV58V3,https://www.amazon.in/dp/B09NXV58V3
vip luggage bag,Resin used is very thin.,/dp/B09NXV58V3,https://www.amazon.in/dp/B09NXV58V3
vip luggage bag,Good material.,/dp/B09NXV58V3,https://www.amazon.in/dp/B09NXV58V3
vip luggage bag,Ekdom faltu bag.,/dp/B09NXV58V3,https://www.amazon.in/dp/B09NXV58V3
vip luggage bag,Resin used is very thin.,/dp/B09NXV58V3,https://www.amazon.in/dp/B09NXV58V3
vip luggage bag,Ekdom faltu bag.,/dp/B09NXV58V3,https://www.amazon.in/dp/B09NXV58V3
vip luggage bag,Good material.,/dp/B09NXV58V3,https://www.amazon.in/dp/B09NXV58V3
vip luggage bag,Good.,/dp/B09NXV58V3,https://www.amazon.in/dp/B09NXV58V3
vip luggage bag,"Good product,value of money,n good quality.",/dp/B09NXV58V3,https://www.amazon.in/dp/B09NXV58V3
vip luggage bag,"Good quality, Strong and Study travelling bag at best price..",/dp/B09NXV58V3,https://www.amazon.in/dp/B09NXV58V3
vip luggage bag,Resin used is very thin.,/dp/B09NXV58V3,https://www.amazon.in/dp/B09NXV58V3
vip luggage bag,"Good quality, Strong and Study travelling bag at best price..",/dp/B09NXV58V3,https://www.amazon.in/dp/B09NXV58V3
vip luggage bag,Good.,/dp/B09NXV58V3,https://www.amazon.in/dp/B09NXV58V3
vip luggage bag,"Quality & Durability: it's Aristocrat. Enough said.

Size: Perfect for packing all clothes and other items for a single person for a 3-5 days tour anywhere, leaving enough space to pack some more on the way back (provided, the person packing knows how to pack).

Value for Money: Costs less than 30% of MRP. Case settled.

Appearance: It looks exactly like a bag! Add to that the Aristrocat logo in bold, sturdy handles and you have an idea.

Ease of use: Well... it's a 'bag'. It's easy if you have known any bag in your entire life.

5 stars out of 5. The perfect choice for a single traveller or even a couple for a couple of days..",/dp/B09NXV58V3,https://www.amazon.in/dp/B09NXV58V3
vip luggage bag,Good material.,/dp/B09NXV58V3,https://www.amazon.in/dp/B09NXV58V3
vip luggage bag,Good material.,/dp/B09NXV58V3,https://www.amazon.in/dp/B09NXV58V3
vip luggage bag,"Good quality, Strong and Study travelling bag at best price..",/dp/B09NXV58V3,https://www.amazon.in/dp/B09NXV58V3
vip luggage bag,Ekdom faltu bag.,/dp/B09NXV58V3,https://www.amazon.in/dp/B09NXV58V3
vip luggage bag,"Good quality, Strong and Study travelling bag at best price..",/dp/B09NXV58V3,https://www.amazon.in/dp/B09NXV58V3
vip luggage bag,Ekdom faltu bag.,/dp/B09NXV58V3,https://www.amazon.in/dp/B09NXV58V3
vip luggage bag,Good material.,/dp/B09NXV58V3,https://www.amazon.in/dp/B09NXV58V3
vip luggage bag,"Bag quality is poor, handle broken with half load.",/dp/B09NXV58V3,https://www.amazon.in/dp/B09NXV58V3
vip luggage bag,Good material.,/dp/B09NXV58V3,https://www.amazon.in/dp/B09NXV58V3
vip luggage bag,"Quality & Durability: it's Aristocrat. Enough said.

Size: Perfect for packing all clothes and other items for a single person for a 3-5 days tour anywhere, leaving enough space to pack some more on the way back (provided, the person packing knows how to pack).

Value for Money: Costs less than 30% of MRP. Case settled.

Appearance: It looks exactly like a bag! Add to that the Aristrocat logo in bold, sturdy handles and you have an idea.

Ease of use: Well... it's a 'bag'. It's easy if you have known any bag in your entire life.

5 stars out of 5. The perfect choice for a single traveller or even a couple for a couple of days..",/dp/B09NXV58V3,https://www.amazon.in/dp/B09NXV58V3
vip luggage bag,Ekdom faltu bag.,/dp/B09NXV58V3,https://www.amazon.in/dp/B09NXV58V3
vip luggage bag,Good.,/dp/B09NXV58V3,https://www.amazon.in/dp/B09NXV58V3
vip luggage bag,"Good product,value of money,n good quality.",/dp/B09NXV58V3,https://www.amazon.in/dp/B09NXV58V3
vip luggage bag,Good material.,/dp/B09NXV58V3,https://www.amazon.in/dp/B09NXV58V3
american tourister luggage,"Wheel moves freely,Good storage, also travel friendly",/dp/B0F5HKFPWR,https://www.amazon.in/dp/B0F5HKFPWR
american tourister luggage,"These are topics other customers want to know more about. Feel free to include them, but they're optional.",/dp/B0F5HKFPWR,https://www.amazon.in/dp/B0F5HKFPWR
american tourister luggage,Very good,/dp/B0F5HKFPWR,https://www.amazon.in/dp/B0F5HKFPWR
american tourister luggage,Beautiful colour and spacious and lightweight.,/dp/B0F5HKFPWR,https://www.amazon.in/dp/B0F5HKFPWR
american tourister luggage,"I recently purchased the American Tourister Ivy 78 Cms Large Check-in Polypropylene (PP) trolley, and I must say that I am thoroughly disappointed with its performance. Despite its promising features, this suitcase failed to meet my expectations in several key areas.

First and foremost, the build quality of this trolley is subpar. The polypropylene material used feels cheap and flimsy, making me question its durability. Within just a few uses, I noticed visible scratches and scuff marks on the surface, which is unacceptable for a product that is meant to endure the rigors of travel.

Furthermore, the wheels on this trolley are a major letdown. They lack smoothness and maneuverability, making it a struggle to navigate through crowded airports or uneven surfaces. The wheels frequently jammed and became stiff, adding unnecessary frustration to my travel experience. I expected better performance from a reputable brand like American Tourister.

Additionally, the handle mechanism was poorly designed. It felt flimsy and had a noticeable wobble, which made it uncomfortable to pull the trolley. I had concerns about its longevity and worried that it might break during my travels. A reliable handle is essential for a check-in suitcase, and the American Tourister Ivy failed to deliver in this aspect.

Lastly, the overall aesthetics of the trolley were uninspiring. The design lacked innovation and appeared outdated. For the price I paid, I expected a more stylish and modern look. It is disappointing when a product not only underperforms in terms of functionality but also fails to make a positive impression visually.

In conclusion, the American Tourister Ivy 78 Cms Large Check-in Polypropylene (PP) trolley fell short of my expectations. Its poor build quality, subpar wheels, flimsy handle, and unappealing aesthetics make it difficult for me to recommend this product. I regret my purchase and would advise potential buyers to explore other options before settling for this particular suitcase",/dp/B0F5HKFPWR,https://www.amazon.in/dp/B0F5HKFPWR
american tourister luggage,"The bag looks below average, and I have some doubts about whether it is original because the finishing quality feels quite average. I haven’t used it for travel yet, so I can’t fully comment on durability, but the handles seem very delicate and I’m not sure how well they will hold heavy weight. The packaging was also just average, nothing special.",/dp/B0F5HKFPWR,https://www.amazon.in/dp/B0F5HKFPWR
american tourister luggage,The product is good. I purchase large size and on the first look the material quality and zip quality seems good. I want to see how well it be good for scratches.,/dp/B0F5HKFPWR,https://www.amazon.in/dp/B0F5HKFPWR
american tourister luggage,"The set is good, colour is nice and there are no scratches or anything.
The overall build quality of the bags and the quality of the wheels and the handles feels a bit weak/flimsy but at this price point can't really complain as in the stores the sets start from 13k onwards.
If anyone wants a decent set of bags in a limited budget then you can definitely purchase this set. It is definitely value for money.",/dp/B0F5HKFPWR,https://www.amazon.in/dp/B0F5HKFPWR
american tourister luggage,"Sturdy , sober color and design and value for money.",/dp/B0F5HKFPWR,https://www.amazon.in/dp/B0F5HKFPWR
american tourister luggage,"Sturdy , sober color and design and value for money..",/dp/B0F5HKFPWR,https://www.amazon.in/dp/B0F5HKFPWR
american tourister luggage,The product is good. I purchase large size and on the first look the material quality and zip quality seems good. I want to see how well it be good for scratches..,/dp/B0F5HKFPWR,https://www.amazon.in/dp/B0F5HKFPWR
american tourister luggage,"I recently purchased the American Tourister Ivy 78 Cms Large Check-in Polypropylene (PP) trolley, and I must say that I am thoroughly disappointed with its performance. Despite its promising features, this suitcase failed to meet my expectations in several key areas.

First and foremost, the build quality of this trolley is subpar. The polypropylene material used feels cheap and flimsy, making me question its durability. Within just a few uses, I noticed visible scratches and scuff marks on the surface, which is unacceptable for a product that is meant to endure the rigors of travel.

Furthermore, the wheels on this trolley are a major letdown. They lack smoothness and maneuverability, making it a struggle to navigate through crowded airports or uneven surfaces. The wheels frequently jammed and became stiff, adding unnecessary frustration to my travel experience. I expected better performance from a reputable brand like American Tourister.

Additionally, the handle mechanism was poorly designed. It felt flimsy and had a noticeable wobble, which made it uncomfortable to pull the trolley. I had concerns about its longevity and worried that it might break during my travels. A reliable handle is essential for a check-in suitcase, and the American Tourister Ivy failed to deliver in this aspect.

Lastly, the overall aesthetics of the trolley were uninspiring. The design lacked innovation and appeared outdated. For the price I paid, I expected a more stylish and modern look. It is disappointing when a product not only underperforms in terms of functionality but also fails to make a positive impression visually.

In conclusion, the American Tourister Ivy 78 Cms Large Check-in Polypropylene (PP) trolley fell short of my expectations. Its poor build quality, subpar wheels, flimsy handle, and unappealing aesthetics make it difficult for me to recommend this product. I regret my purchase and would advise potential buyers to explore other options before settling for this particular suitcase.",/dp/B0F5HKFPWR,https://www.amazon.in/dp/B0F5HKFPWR
american tourister luggage,"The set is good, colour is nice and there are no scratches or anything.
The overall build quality of the bags and the quality of the wheels and the handles feels a bit weak/flimsy but at this price point can't really complain as in the stores the sets start from 13k onwards.
If anyone wants a decent set of bags in a limited budget then you can definitely purchase this set. It is definitely value for money..",/dp/B0F5HKFPWR,https://www.amazon.in/dp/B0F5HKFPWR
american tourister luggage,"These are topics other customers want to know more about. Feel free to include them, but they're optional..",/dp/B0F5HKFPWR,https://www.amazon.in/dp/B0F5HKFPWR
american tourister luggage,Very good.,/dp/B0F5HKFPWR,https://www.amazon.in/dp/B0F5HKFPWR
american tourister luggage,"Sturdy , sober color and design and value for money..",/dp/B0F5HKFPWR,https://www.amazon.in/dp/B0F5HKFPWR
american tourister luggage,"The set is good, colour is nice and there are no scratches or anything.
The overall build quality of the bags and the quality of the wheels and the handles feels a bit weak/flimsy but at this price point can't really complain as in the stores the sets start from 13k onwards.
If anyone wants a decent set of bags in a limited budget then you can definitely purchase this set. It is definitely value for money..",/dp/B0F5HKFPWR,https://www.amazon.in/dp/B0F5HKFPWR
american tourister luggage,The product is good. I purchase large size and on the first look the material quality and zip quality seems good. I want to see how well it be good for scratches..,/dp/B0F5HKFPWR,https://www.amazon.in/dp/B0F5HKFPWR
american tourister luggage,The product is good. I purchase large size and on the first look the material quality and zip quality seems good. I want to see how well it be good for scratches..,/dp/B0F5HKFPWR,https://www.amazon.in/dp/B0F5HKFPWR
american tourister luggage,"The bag looks below average, and I have some doubts about whether it is original because the finishing quality feels quite average. I haven’t used it for travel yet, so I can’t fully comment on durability, but the handles seem very delicate and I’m not sure how well they will hold heavy weight. The packaging was also just average, nothing special..",/dp/B0F5HKFPWR,https://www.amazon.in/dp/B0F5HKFPWR
american tourister luggage,"Sturdy , sober color and design and value for money..",/dp/B0F5HKFPWR,https://www.amazon.in/dp/B0F5HKFPWR
american tourister luggage,"The bag looks below average, and I have some doubts about whether it is original because the finishing quality feels quite average. I haven’t used it for travel yet, so I can’t fully comment on durability, but the handles seem very delicate and I’m not sure how well they will hold heavy weight. The packaging was also just average, nothing special..",/dp/B0F5HKFPWR,https://www.amazon.in/dp/B0F5HKFPWR
american tourister luggage,"I recently purchased the American Tourister Ivy 78 Cms Large Check-in Polypropylene (PP) trolley, and I must say that I am thoroughly disappointed with its performance. Despite its promising features, this suitcase failed to meet my expectations in several key areas.

First and foremost, the build quality of this trolley is subpar. The polypropylene material used feels cheap and flimsy, making me question its durability. Within just a few uses, I noticed visible scratches and scuff marks on the surface, which is unacceptable for a product that is meant to endure the rigors of travel.

Furthermore, the wheels on this trolley are a major letdown. They lack smoothness and maneuverability, making it a struggle to navigate through crowded airports or uneven surfaces. The wheels frequently jammed and became stiff, adding unnecessary frustration to my travel experience. I expected better performance from a reputable brand like American Tourister.

Additionally, the handle mechanism was poorly designed. It felt flimsy and had a noticeable wobble, which made it uncomfortable to pull the trolley. I had concerns about its longevity and worried that it might break during my travels. A reliable handle is essential for a check-in suitcase, and the American Tourister Ivy failed to deliver in this aspect.

Lastly, the overall aesthetics of the trolley were uninspiring. The design lacked innovation and appeared outdated. For the price I paid, I expected a more stylish and modern look. It is disappointing when a product not only underperforms in terms of functionality but also fails to make a positive impression visually.

In conclusion, the American Tourister Ivy 78 Cms Large Check-in Polypropylene (PP) trolley fell short of my expectations. Its poor build quality, subpar wheels, flimsy handle, and unappealing aesthetics make it difficult for me to recommend this product. I regret my purchase and would advise potential buyers to explore other options before settling for this particular suitcase.",/dp/B0F5HKFPWR,https://www.amazon.in/dp/B0F5HKFPWR
american tourister luggage,"These are topics other customers want to know more about. Feel free to include them, but they're optional..",/dp/B0F5HKFPWR,https://www.amazon.in/dp/B0F5HKFPWR
american tourister luggage,"Sturdy , sober color and design and value for money..",/dp/B0F5HKFPWR,https://www.amazon.in/dp/B0F5HKFPWR
american tourister luggage,"Sturdy , sober color and design and value for money..",/dp/B0F5HKFPWR,https://www.amazon.in/dp/B0F5HKFPWR
american tourister luggage,"I recently purchased the American Tourister Ivy 78 Cms Large Check-in Polypropylene (PP) trolley, and I must say that I am thoroughly disappointed with its performance. Despite its promising features, this suitcase failed to meet my expectations in several key areas.

First and foremost, the build quality of this trolley is subpar. The polypropylene material used feels cheap and flimsy, making me question its durability. Within just a few uses, I noticed visible scratches and scuff marks on the surface, which is unacceptable for a product that is meant to endure the rigors of travel.

Furthermore, the wheels on this trolley are a major letdown. They lack smoothness and maneuverability, making it a struggle to navigate through crowded airports or uneven surfaces. The wheels frequently jammed and became stiff, adding unnecessary frustration to my travel experience. I expected better performance from a reputable brand like American Tourister.

Additionally, the handle mechanism was poorly designed. It felt flimsy and had a noticeable wobble, which made it uncomfortable to pull the trolley. I had concerns about its longevity and worried that it might break during my travels. A reliable handle is essential for a check-in suitcase, and the American Tourister Ivy failed to deliver in this aspect.

Lastly, the overall aesthetics of the trolley were uninspiring. The design lacked innovation and appeared outdated. For the price I paid, I expected a more stylish and modern look. It is disappointing when a product not only underperforms in terms of functionality but also fails to make a positive impression visually.

In conclusion, the American Tourister Ivy 78 Cms Large Check-in Polypropylene (PP) trolley fell short of my expectations. Its poor build quality, subpar wheels, flimsy handle, and unappealing aesthetics make it difficult for me to recommend this product. I regret my purchase and would advise potential buyers to explore other options before settling for this particular suitcase.",/dp/B0F5HKFPWR,https://www.amazon.in/dp/B0F5HKFPWR
american tourister luggage,Beautiful colour and spacious and lightweight..,/dp/B0F5HKFPWR,https://www.amazon.in/dp/B0F5HKFPWR
american tourister luggage,Very good.,/dp/B0F5HKFPWR,https://www.amazon.in/dp/B0F5HKFPWR
american tourister luggage,"The set is good, colour is nice and there are no scratches or anything.
The overall build quality of the bags and the quality of the wheels and the handles feels a bit weak/flimsy but at this price point can't really complain as in the stores the sets start from 13k onwards.
If anyone wants a decent set of bags in a limited budget then you can definitely purchase this set. It is definitely value for money..",/dp/B0F5HKFPWR,https://www.amazon.in/dp/B0F5HKFPWR
american tourister luggage,Beautiful colour and spacious and lightweight..,/dp/B0F5HKFPWR,https://www.amazon.in/dp/B0F5HKFPWR
american tourister luggage,Beautiful colour and spacious and lightweight..,/dp/B0F5HKFPWR,https://www.amazon.in/dp/B0F5HKFPWR
american tourister luggage,Beautiful colour and spacious and lightweight..,/dp/B0F5HKFPWR,https://www.amazon.in/dp/B0F5HKFPWR
american tourister luggage,"These are topics other customers want to know more about. Feel free to include them, but they're optional..",/dp/B0F5HKFPWR,https://www.amazon.in/dp/B0F5HKFPWR
american tourister luggage,"The bag looks below average, and I have some doubts about whether it is original because the finishing quality feels quite average. I haven’t used it for travel yet, so I can’t fully comment on durability, but the handles seem very delicate and I’m not sure how well they will hold heavy weight. The packaging was also just average, nothing special..",/dp/B0F5HKFPWR,https://www.amazon.in/dp/B0F5HKFPWR
american tourister luggage,"I recently purchased the American Tourister Ivy 78 Cms Large Check-in Polypropylene (PP) trolley, and I must say that I am thoroughly disappointed with its performance. Despite its promising features, this suitcase failed to meet my expectations in several key areas.

First and foremost, the build quality of this trolley is subpar. The polypropylene material used feels cheap and flimsy, making me question its durability. Within just a few uses, I noticed visible scratches and scuff marks on the surface, which is unacceptable for a product that is meant to endure the rigors of travel.

Furthermore, the wheels on this trolley are a major letdown. They lack smoothness and maneuverability, making it a struggle to navigate through crowded airports or uneven surfaces. The wheels frequently jammed and became stiff, adding unnecessary frustration to my travel experience. I expected better performance from a reputable brand like American Tourister.

Additionally, the handle mechanism was poorly designed. It felt flimsy and had a noticeable wobble, which made it uncomfortable to pull the trolley. I had concerns about its longevity and worried that it might break during my travels. A reliable handle is essential for a check-in suitcase, and the American Tourister Ivy failed to deliver in this aspect.

Lastly, the overall aesthetics of the trolley were uninspiring. The design lacked innovation and appeared outdated. For the price I paid, I expected a more stylish and modern look. It is disappointing when a product not only underperforms in terms of functionality but also fails to make a positive impression visually.

In conclusion, the American Tourister Ivy 78 Cms Large Check-in Polypropylene (PP) trolley fell short of my expectations. Its poor build quality, subpar wheels, flimsy handle, and unappealing aesthetics make it difficult for me to recommend this product. I regret my purchase and would advise potential buyers to explore other options before settling for this particular suitcase.",/dp/B0F5HKFPWR,https://www.amazon.in/dp/B0F5HKFPWR
american tourister luggage,"These are topics other customers want to know more about. Feel free to include them, but they're optional..",/dp/B0F5HKFPWR,https://www.amazon.in/dp/B0F5HKFPWR
american tourister luggage,"Wheel moves freely,Good storage, also travel friendly.",/dp/B0F5HKFPWR,https://www.amazon.in/dp/B0F5HKFPWR
american tourister luggage,"The set is good, colour is nice and there are no scratches or anything.
The overall build quality of the bags and the quality of the wheels and the handles feels a bit weak/flimsy but at this price point can't really complain as in the stores the sets start from 13k onwards.
If anyone wants a decent set of bags in a limited budget then you can definitely purchase this set. It is definitely value for money..",/dp/B0F5HKFPWR,https://www.amazon.in/dp/B0F5HKFPWR
american tourister luggage,"The bag looks below average, and I have some doubts about whether it is original because the finishing quality feels quite average. I haven’t used it for travel yet, so I can’t fully comment on durability, but the handles seem very delicate and I’m not sure how well they will hold heavy weight. The packaging was also just average, nothing special..",/dp/B0F5HKFPWR,https://www.amazon.in/dp/B0F5HKFPWR
american tourister luggage,"I recently purchased the American Tourister Ivy 78 Cms Large Check-in Polypropylene (PP) trolley, and I must say that I am thoroughly disappointed with its performance. Despite its promising features, this suitcase failed to meet my expectations in several key areas.

First and foremost, the build quality of this trolley is subpar. The polypropylene material used feels cheap and flimsy, making me question its durability. Within just a few uses, I noticed visible scratches and scuff marks on the surface, which is unacceptable for a product that is meant to endure the rigors of travel.

Furthermore, the wheels on this trolley are a major letdown. They lack smoothness and maneuverability, making it a struggle to navigate through crowded airports or uneven surfaces. The wheels frequently jammed and became stiff, adding unnecessary frustration to my travel experience. I expected better performance from a reputable brand like American Tourister.

Additionally, the handle mechanism was poorly designed. It felt flimsy and had a noticeable wobble, which made it uncomfortable to pull the trolley. I had concerns about its longevity and worried that it might break during my travels. A reliable handle is essential for a check-in suitcase, and the American Tourister Ivy failed to deliver in this aspect.

Lastly, the overall aesthetics of the trolley were uninspiring. The design lacked innovation and appeared outdated. For the price I paid, I expected a more stylish and modern look. It is disappointing when a product not only underperforms in terms of functionality but also fails to make a positive impression visually.

In conclusion, the American Tourister Ivy 78 Cms Large Check-in Polypropylene (PP) trolley fell short of my expectations. Its poor build quality, subpar wheels, flimsy handle, and unappealing aesthetics make it difficult for me to recommend this product. I regret my purchase and would advise potential buyers to explore other options before settling for this particular suitcase.",/dp/B0F5HKFPWR,https://www.amazon.in/dp/B0F5HKFPWR
american tourister luggage,The product is good. I purchase large size and on the first look the material quality and zip quality seems good. I want to see how well it be good for scratches..,/dp/B0F5HKFPWR,https://www.amazon.in/dp/B0F5HKFPWR
american tourister luggage,The product is good. I purchase large size and on the first look the material quality and zip quality seems good. I want to see how well it be good for scratches..,/dp/B0F5HKFPWR,https://www.amazon.in/dp/B0F5HKFPWR
american tourister luggage,"The bag looks below average, and I have some doubts about whether it is original because the finishing quality feels quite average. I haven’t used it for travel yet, so I can’t fully comment on durability, but the handles seem very delicate and I’m not sure how well they will hold heavy weight. The packaging was also just average, nothing special..",/dp/B0F5HKFPWR,https://www.amazon.in/dp/B0F5HKFPWR
american tourister luggage,Very good.,/dp/B0F5HKFPWR,https://www.amazon.in/dp/B0F5HKFPWR
american tourister luggage,"I recently purchased the American Tourister Ivy 78 Cms Large Check-in Polypropylene (PP) trolley, and I must say that I am thoroughly disappointed with its performance. Despite its promising features, this suitcase failed to meet my expectations in several key areas.

First and foremost, the build quality of this trolley is subpar. The polypropylene material used feels cheap and flimsy, making me question its durability. Within just a few uses, I noticed visible scratches and scuff marks on the surface, which is unacceptable for a product that is meant to endure the rigors of travel.

Furthermore, the wheels on this trolley are a major letdown. They lack smoothness and maneuverability, making it a struggle to navigate through crowded airports or uneven surfaces. The wheels frequently jammed and became stiff, adding unnecessary frustration to my travel experience. I expected better performance from a reputable brand like American Tourister.

Additionally, the handle mechanism was poorly designed. It felt flimsy and had a noticeable wobble, which made it uncomfortable to pull the trolley. I had concerns about its longevity and worried that it might break during my travels. A reliable handle is essential for a check-in suitcase, and the American Tourister Ivy failed to deliver in this aspect.

Lastly, the overall aesthetics of the trolley were uninspiring. The design lacked innovation and appeared outdated. For the price I paid, I expected a more stylish and modern look. It is disappointing when a product not only underperforms in terms of functionality but also fails to make a positive impression visually.

In conclusion, the American Tourister Ivy 78 Cms Large Check-in Polypropylene (PP) trolley fell short of my expectations. Its poor build quality, subpar wheels, flimsy handle, and unappealing aesthetics make it difficult for me to recommend this product. I regret my purchase and would advise potential buyers to explore other options before settling for this particular suitcase.",/dp/B0F5HKFPWR,https://www.amazon.in/dp/B0F5HKFPWR
american tourister luggage,"The bag looks below average, and I have some doubts about whether it is original because the finishing quality feels quite average. I haven’t used it for travel yet, so I can’t fully comment on durability, but the handles seem very delicate and I’m not sure how well they will hold heavy weight. The packaging was also just average, nothing special..",/dp/B0F5HKFPWR,https://www.amazon.in/dp/B0F5HKFPWR
american tourister luggage,"Wheel moves freely,Good storage, also travel friendly.",/dp/B0F5HKFPWR,https://www.amazon.in/dp/B0F5HKFPWR
american tourister luggage,Beautiful colour and spacious and lightweight..,/dp/B0F5HKFPWR,https://www.amazon.in/dp/B0F5HKFPWR
american tourister luggage,Very good.,/dp/B0F5HKFPWR,https://www.amazon.in/dp/B0F5HKFPWR
american tourister luggage,"The bag looks below average, and I have some doubts about whether it is original because the finishing quality feels quite average. I haven’t used it for travel yet, so I can’t fully comment on durability, but the handles seem very delicate and I’m not sure how well they will hold heavy weight. The packaging was also just average, nothing special..",/dp/B0F5HKFPWR,https://www.amazon.in/dp/B0F5HKFPWR
aristocrat luggage,"Just got my hands on the Aristocrat black trolley bag for ₹2900, and seriously, it's a total steal! This bag is super sturdy and has way more space than I expected. Packing for my upcoming trip felt like a breeze with all the organized compartments. It rolls so smoothly, even on bumpy surfaces, which is a huge plus for any traveler. I'm really impressed with the quality for the price I paid. Definitely worth every rupee! 🛍️✈️",/dp/B0BRN1XLSS,https://www.amazon.in/dp/B0BRN1XLSS
aristocrat luggage,Suitcase is good quality with the given price range. Posiedon blue color is sober color to have with matte finish and gloss platic details.handle is good..just the retractable pulley handle looks flimsy to take heavy load.,/dp/B0BRN1XLSS,https://www.amazon.in/dp/B0BRN1XLSS
aristocrat luggage,"Must buy at this amazing price.colour,look is too good.but little thin polypropylene material",/dp/B0BRN1XLSS,https://www.amazon.in/dp/B0BRN1XLSS
aristocrat luggage,"This product is very useful and worth the price.
I am very satisfied with the quality.
Excellent product, highly recommended.
Works perfectly as expected.
Good quality and fast delivery.",/dp/B0BRN1XLSS,https://www.amazon.in/dp/B0BRN1XLSS
aristocrat luggage,Product is extremely good but it's my bad I thought large and medium but it is medium and small,/dp/B0BRN1XLSS,https://www.amazon.in/dp/B0BRN1XLSS
aristocrat luggage,Quality is a little low as compared to similar aristocrat trolley bags available at the same price,/dp/B0BRN1XLSS,https://www.amazon.in/dp/B0BRN1XLSS
aristocrat luggage,"Its very good, product ,colour good btw - I like the product 👍and the build quality is too good ,
If anyone wants to buy this product so you can buy this",/dp/B0BRN1XLSS,https://www.amazon.in/dp/B0BRN1XLSS
aristocrat luggage,Everything was fine until the first use. It's wheel got bron on the very first use and it's so big make it bulky and hard to carry if it is heavy. Else the material is duarable and when wheels were fine it is easy to use. No so good locking but serves the purpose.,/dp/B0BRN1XLSS,https://www.amazon.in/dp/B0BRN1XLSS
aristocrat luggage,Very good product and good quality.,/dp/B0BRN1XLSS,https://www.amazon.in/dp/B0BRN1XLSS
aristocrat luggage,Really good. I am using for a 1 year and really good,/dp/B0BRN1XLSS,https://www.amazon.in/dp/B0BRN1XLSS
aristocrat luggage,"Must buy at this amazing price.colour,look is too good.but little thin polypropylene material.",/dp/B0BRN1XLSS,https://www.amazon.in/dp/B0BRN1XLSS
aristocrat luggage,"Its very good, product ,colour good btw - I like the product 👍and the build quality is too good ,
If anyone wants to buy this product so you can buy this.",/dp/B0BRN1XLSS,https://www.amazon.in/dp/B0BRN1XLSS
aristocrat luggage,"Just got my hands on the Aristocrat black trolley bag for ₹2900, and seriously, it's a total steal! This bag is super sturdy and has way more space than I expected. Packing for my upcoming trip felt like a breeze with all the organized compartments. It rolls so smoothly, even on bumpy surfaces, which is a huge plus for any traveler. I'm really impressed with the quality for the price I paid. Definitely worth every rupee! 🛍️✈️.",/dp/B0BRN1XLSS,https://www.amazon.in/dp/B0BRN1XLSS
aristocrat luggage,Product is extremely good but it's my bad I thought large and medium but it is medium and small.,/dp/B0BRN1XLSS,https://www.amazon.in/dp/B0BRN1XLSS
aristocrat luggage,Everything was fine until the first use. It's wheel got bron on the very first use and it's so big make it bulky and hard to carry if it is heavy. Else the material is duarable and when wheels were fine it is easy to use. No so good locking but serves the purpose..,/dp/B0BRN1XLSS,https://www.amazon.in/dp/B0BRN1XLSS
aristocrat luggage,Quality is a little low as compared to similar aristocrat trolley bags available at the same price.,/dp/B0BRN1XLSS,https://www.amazon.in/dp/B0BRN1XLSS
aristocrat luggage,Product is extremely good but it's my bad I thought large and medium but it is medium and small.,/dp/B0BRN1XLSS,https://www.amazon.in/dp/B0BRN1XLSS
aristocrat luggage,"This product is very useful and worth the price.
I am very satisfied with the quality.
Excellent product, highly recommended.
Works perfectly as expected.
Good quality and fast delivery..",/dp/B0BRN1XLSS,https://www.amazon.in/dp/B0BRN1XLSS
aristocrat luggage,Very good product and good quality..,/dp/B0BRN1XLSS,https://www.amazon.in/dp/B0BRN1XLSS
aristocrat luggage,"Must buy at this amazing price.colour,look is too good.but little thin polypropylene material.",/dp/B0BRN1XLSS,https://www.amazon.in/dp/B0BRN1XLSS
aristocrat luggage,Suitcase is good quality with the given price range. Posiedon blue color is sober color to have with matte finish and gloss platic details.handle is good..just the retractable pulley handle looks flimsy to take heavy load..,/dp/B0BRN1XLSS,https://www.amazon.in/dp/B0BRN1XLSS
aristocrat luggage,"This product is very useful and worth the price.
I am very satisfied with the quality.
Excellent product, highly recommended.
Works perfectly as expected.
Good quality and fast delivery..",/dp/B0BRN1XLSS,https://www.amazon.in/dp/B0BRN1XLSS
aristocrat luggage,"Must buy at this amazing price.colour,look is too good.but little thin polypropylene material.",/dp/B0BRN1XLSS,https://www.amazon.in/dp/B0BRN1XLSS
aristocrat luggage,Suitcase is good quality with the given price range. Posiedon blue color is sober color to have with matte finish and gloss platic details.handle is good..just the retractable pulley handle looks flimsy to take heavy load..,/dp/B0BRN1XLSS,https://www.amazon.in/dp/B0BRN1XLSS
aristocrat luggage,Really good. I am using for a 1 year and really good.,/dp/B0BRN1XLSS,https://www.amazon.in/dp/B0BRN1XLSS
aristocrat luggage,"Must buy at this amazing price.colour,look is too good.but little thin polypropylene material.",/dp/B0BRN1XLSS,https://www.amazon.in/dp/B0BRN1XLSS
aristocrat luggage,Really good. I am using for a 1 year and really good.,/dp/B0BRN1XLSS,https://www.amazon.in/dp/B0BRN1XLSS
aristocrat luggage,Really good. I am using for a 1 year and really good.,/dp/B0BRN1XLSS,https://www.amazon.in/dp/B0BRN1XLSS
aristocrat luggage,"This product is very useful and worth the price.
I am very satisfied with the quality.
Excellent product, highly recommended.
Works perfectly as expected.
Good quality and fast delivery..",/dp/B0BRN1XLSS,https://www.amazon.in/dp/B0BRN1XLSS
aristocrat luggage,Really good. I am using for a 1 year and really good.,/dp/B0BRN1XLSS,https://www.amazon.in/dp/B0BRN1XLSS
aristocrat luggage,Everything was fine until the first use. It's wheel got bron on the very first use and it's so big make it bulky and hard to carry if it is heavy. Else the material is duarable and when wheels were fine it is easy to use. No so good locking but serves the purpose..,/dp/B0BRN1XLSS,https://www.amazon.in/dp/B0BRN1XLSS
aristocrat luggage,Quality is a little low as compared to similar aristocrat trolley bags available at the same price.,/dp/B0BRN1XLSS,https://www.amazon.in/dp/B0BRN1XLSS
aristocrat luggage,"Its very good, product ,colour good btw - I like the product 👍and the build quality is too good ,
If anyone wants to buy this product so you can buy this.",/dp/B0BRN1XLSS,https://www.amazon.in/dp/B0BRN1XLSS
aristocrat luggage,Suitcase is good quality with the given price range. Posiedon blue color is sober color to have with matte finish and gloss platic details.handle is good..just the retractable pulley handle looks flimsy to take heavy load..,/dp/B0BRN1XLSS,https://www.amazon.in/dp/B0BRN1XLSS
aristocrat luggage,Quality is a little low as compared to similar aristocrat trolley bags available at the same price.,/dp/B0BRN1XLSS,https://www.amazon.in/dp/B0BRN1XLSS
aristocrat luggage,Very good product and good quality..,/dp/B0BRN1XLSS,https://www.amazon.in/dp/B0BRN1XLSS
aristocrat luggage,Everything was fine until the first use. It's wheel got bron on the very first use and it's so big make it bulky and hard to carry if it is heavy. Else the material is duarable and when wheels were fine it is easy to use. No so good locking but serves the purpose..,/dp/B0BRN1XLSS,https://www.amazon.in/dp/B0BRN1XLSS
aristocrat luggage,Suitcase is good quality with the given price range. Posiedon blue color is sober color to have with matte finish and gloss platic details.handle is good..just the retractable pulley handle looks flimsy to take heavy load..,/dp/B0BRN1XLSS,https://www.amazon.in/dp/B0BRN1XLSS
aristocrat luggage,"Its very good, product ,colour good btw - I like the product 👍and the build quality is too good ,
If anyone wants to buy this product so you can buy this.",/dp/B0BRN1XLSS,https://www.amazon.in/dp/B0BRN1XLSS
aristocrat luggage,"Its very good, product ,colour good btw - I like the product 👍and the build quality is too good ,
If anyone wants to buy this product so you can buy this.",/dp/B0BRN1XLSS,https://www.amazon.in/dp/B0BRN1XLSS
aristocrat luggage,"This product is very useful and worth the price.
I am very satisfied with the quality.
Excellent product, highly recommended.
Works perfectly as expected.
Good quality and fast delivery..",/dp/B0BRN1XLSS,https://www.amazon.in/dp/B0BRN1XLSS
aristocrat luggage,"This product is very useful and worth the price.
I am very satisfied with the quality.
Excellent product, highly recommended.
Works perfectly as expected.
Good quality and fast delivery..",/dp/B0BRN1XLSS,https://www.amazon.in/dp/B0BRN1XLSS
aristocrat luggage,Suitcase is good quality with the given price range. Posiedon blue color is sober color to have with matte finish and gloss platic details.handle is good..just the retractable pulley handle looks flimsy to take heavy load..,/dp/B0BRN1XLSS,https://www.amazon.in/dp/B0BRN1XLSS
aristocrat luggage,Everything was fine until the first use. It's wheel got bron on the very first use and it's so big make it bulky and hard to carry if it is heavy. Else the material is duarable and when wheels were fine it is easy to use. No so good locking but serves the purpose..,/dp/B0BRN1XLSS,https://www.amazon.in/dp/B0BRN1XLSS
aristocrat luggage,Everything was fine until the first use. It's wheel got bron on the very first use and it's so big make it bulky and hard to carry if it is heavy. Else the material is duarable and when wheels were fine it is easy to use. No so good locking but serves the purpose..,/dp/B0BRN1XLSS,https://www.amazon.in/dp/B0BRN1XLSS
aristocrat luggage,"Its very good, product ,colour good btw - I like the product 👍and the build quality is too good ,
If anyone wants to buy this product so you can buy this.",/dp/B0BRN1XLSS,https://www.amazon.in/dp/B0BRN1XLSS
aristocrat luggage,Quality is a little low as compared to similar aristocrat trolley bags available at the same price.,/dp/B0BRN1XLSS,https://www.amazon.in/dp/B0BRN1XLSS
aristocrat luggage,Everything was fine until the first use. It's wheel got bron on the very first use and it's so big make it bulky and hard to carry if it is heavy. Else the material is duarable and when wheels were fine it is easy to use. No so good locking but serves the purpose..,/dp/B0BRN1XLSS,https://www.amazon.in/dp/B0BRN1XLSS
aristocrat luggage,Everything was fine until the first use. It's wheel got bron on the very first use and it's so big make it bulky and hard to carry if it is heavy. Else the material is duarable and when wheels were fine it is easy to use. No so good locking but serves the purpose..,/dp/B0BRN1XLSS,https://www.amazon.in/dp/B0BRN1XLSS
aristocrat luggage,Really good. I am using for a 1 year and really good.,/dp/B0BRN1XLSS,https://www.amazon.in/dp/B0BRN1XLSS
aristocrat luggage,Really good. I am using for a 1 year and really good.,/dp/B0BRN1XLSS,https://www.amazon.in/dp/B0BRN1XLSS
nasher miles luggage,Good quality Cabin size bag with secure lock system,/dp/B0GCZJR5ZY,https://www.amazon.in/dp/B0GCZJR5ZY
nasher miles luggage,"Ease of use, lock quality, authenticity. Cost is high.",/dp/B0GCZJR5ZY,https://www.amazon.in/dp/B0GCZJR5ZY
nasher miles luggage,Good product I ordered medium size of the maroon red colour pretty God sturdy high quality 👌,/dp/B0GCZJR5ZY,https://www.amazon.in/dp/B0GCZJR5ZY
nasher miles luggage,Bahut achcha quality hai,/dp/B0GCZJR5ZY,https://www.amazon.in/dp/B0GCZJR5ZY
nasher miles luggage,"Very nice color or nice quality lock is good space very good no bags have space like this ha but after one 2 time used little dirty while flights
I’ll order cabin bag also",/dp/B0GCZJR5ZY,https://www.amazon.in/dp/B0GCZJR5ZY
nasher miles luggage,"Very ordinary quality. No proper balance, not sturdy enough.
On top of that I was delivered a different colour

I returned this in the first go.",/dp/B0GCZJR5ZY,https://www.amazon.in/dp/B0GCZJR5ZY
nasher miles luggage,"Love the bags and travel locks. I wish I could buy more now that I have left India. The case quality and design are top notch and the manoeuvrability is great compared to my safari bags. They are slightly compact compared to safari however they can accommodate more or less up to 23kg.
UPdate 1: After landing I noticed a lot more scratches than my 3 year old Safari bag. They seem to not have any protection on the surface. Hence the 3* review .",/dp/B0GCZJR5ZY,https://www.amazon.in/dp/B0GCZJR5ZY
nasher miles luggage,"The suitcase is very good and fits in a lot of things
I bought it for my Grand daughter who is very happy not only with colour but also because it fitted in all her clothes books etc. A good buy and very reasonable cost.",/dp/B0GCZJR5ZY,https://www.amazon.in/dp/B0GCZJR5ZY
nasher miles luggage,It's a good one. The color is as displayed in the ad picture. The body is light and the plastic quality seems moderately durable and the wheels are smooth and it's very much spacious. Now will have to see how sturdy and durable it actually is after a long tour.,/dp/B0GCZJR5ZY,https://www.amazon.in/dp/B0GCZJR5ZY
nasher miles luggage,"Very nice color or nice quality lock is good space very good no bags have space like this ha but after one 2 time used little dirty while flights
I’ll order cabin bag also.",/dp/B0GCZJR5ZY,https://www.amazon.in/dp/B0GCZJR5ZY
nasher miles luggage,It's a good one. The color is as displayed in the ad picture. The body is light and the plastic quality seems moderately durable and the wheels are smooth and it's very much spacious. Now will have to see how sturdy and durable it actually is after a long tour..,/dp/B0GCZJR5ZY,https://www.amazon.in/dp/B0GCZJR5ZY
nasher miles luggage,It's a good one. The color is as displayed in the ad picture. The body is light and the plastic quality seems moderately durable and the wheels are smooth and it's very much spacious. Now will have to see how sturdy and durable it actually is after a long tour..,/dp/B0GCZJR5ZY,https://www.amazon.in/dp/B0GCZJR5ZY
nasher miles luggage,Bahut achcha quality hai.,/dp/B0GCZJR5ZY,https://www.amazon.in/dp/B0GCZJR5ZY
nasher miles luggage,Good product I ordered medium size of the maroon red colour pretty God sturdy high quality 👌.,/dp/B0GCZJR5ZY,https://www.amazon.in/dp/B0GCZJR5ZY
nasher miles luggage,"Very nice color or nice quality lock is good space very good no bags have space like this ha but after one 2 time used little dirty while flights
I’ll order cabin bag also.",/dp/B0GCZJR5ZY,https://www.amazon.in/dp/B0GCZJR5ZY
nasher miles luggage,It's a good one. The color is as displayed in the ad picture. The body is light and the plastic quality seems moderately durable and the wheels are smooth and it's very much spacious. Now will have to see how sturdy and durable it actually is after a long tour..,/dp/B0GCZJR5ZY,https://www.amazon.in/dp/B0GCZJR5ZY
nasher miles luggage,Bahut achcha quality hai.,/dp/B0GCZJR5ZY,https://www.amazon.in/dp/B0GCZJR5ZY
nasher miles luggage,It's a good one. The color is as displayed in the ad picture. The body is light and the plastic quality seems moderately durable and the wheels are smooth and it's very much spacious. Now will have to see how sturdy and durable it actually is after a long tour..,/dp/B0GCZJR5ZY,https://www.amazon.in/dp/B0GCZJR5ZY
nasher miles luggage,"Very nice color or nice quality lock is good space very good no bags have space like this ha but after one 2 time used little dirty while flights
I’ll order cabin bag also.",/dp/B0GCZJR5ZY,https://www.amazon.in/dp/B0GCZJR5ZY
nasher miles luggage,"Very ordinary quality. No proper balance, not sturdy enough.
On top of that I was delivered a different colour

I returned this in the first go..",/dp/B0GCZJR5ZY,https://www.amazon.in/dp/B0GCZJR5ZY
nasher miles luggage,Good product I ordered medium size of the maroon red colour pretty God sturdy high quality 👌.,/dp/B0GCZJR5ZY,https://www.amazon.in/dp/B0GCZJR5ZY
nasher miles luggage,"Very nice color or nice quality lock is good space very good no bags have space like this ha but after one 2 time used little dirty while flights
I’ll order cabin bag also.",/dp/B0GCZJR5ZY,https://www.amazon.in/dp/B0GCZJR5ZY
nasher miles luggage,Bahut achcha quality hai.,/dp/B0GCZJR5ZY,https://www.amazon.in/dp/B0GCZJR5ZY
nasher miles luggage,"Love the bags and travel locks. I wish I could buy more now that I have left India. The case quality and design are top notch and the manoeuvrability is great compared to my safari bags. They are slightly compact compared to safari however they can accommodate more or less up to 23kg.
UPdate 1: After landing I noticed a lot more scratches than my 3 year old Safari bag. They seem to not have any protection on the surface. Hence the 3* review ..",/dp/B0GCZJR5ZY,https://www.amazon.in/dp/B0GCZJR5ZY
nasher miles luggage,"Love the bags and travel locks. I wish I could buy more now that I have left India. The case quality and design are top notch and the manoeuvrability is great compared to my safari bags. They are slightly compact compared to safari however they can accommodate more or less up to 23kg.
UPdate 1: After landing I noticed a lot more scratches than my 3 year old Safari bag. They seem to not have any protection on the surface. Hence the 3* review ..",/dp/B0GCZJR5ZY,https://www.amazon.in/dp/B0GCZJR5ZY
nasher miles luggage,Good product I ordered medium size of the maroon red colour pretty God sturdy high quality 👌.,/dp/B0GCZJR5ZY,https://www.amazon.in/dp/B0GCZJR5ZY
nasher miles luggage,"Love the bags and travel locks. I wish I could buy more now that I have left India. The case quality and design are top notch and the manoeuvrability is great compared to my safari bags. They are slightly compact compared to safari however they can accommodate more or less up to 23kg.
UPdate 1: After landing I noticed a lot more scratches than my 3 year old Safari bag. They seem to not have any protection on the surface. Hence the 3* review ..",/dp/B0GCZJR5ZY,https://www.amazon.in/dp/B0GCZJR5ZY
nasher miles luggage,Bahut achcha quality hai.,/dp/B0GCZJR5ZY,https://www.amazon.in/dp/B0GCZJR5ZY
nasher miles luggage,"Very nice color or nice quality lock is good space very good no bags have space like this ha but after one 2 time used little dirty while flights
I’ll order cabin bag also.",/dp/B0GCZJR5ZY,https://www.amazon.in/dp/B0GCZJR5ZY
nasher miles luggage,"Very ordinary quality. No proper balance, not sturdy enough.
On top of that I was delivered a different colour

I returned this in the first go..",/dp/B0GCZJR5ZY,https://www.amazon.in/dp/B0GCZJR5ZY
nasher miles luggage,Good quality Cabin size bag with secure lock system.,/dp/B0GCZJR5ZY,https://www.amazon.in/dp/B0GCZJR5ZY
nasher miles luggage,Bahut achcha quality hai.,/dp/B0GCZJR5ZY,https://www.amazon.in/dp/B0GCZJR5ZY
nasher miles luggage,Good product I ordered medium size of the maroon red colour pretty God sturdy high quality 👌.,/dp/B0GCZJR5ZY,https://www.amazon.in/dp/B0GCZJR5ZY
nasher miles luggage,"Ease of use, lock quality, authenticity. Cost is high..",/dp/B0GCZJR5ZY,https://www.amazon.in/dp/B0GCZJR5ZY
nasher miles luggage,It's a good one. The color is as displayed in the ad picture. The body is light and the plastic quality seems moderately durable and the wheels are smooth and it's very much spacious. Now will have to see how sturdy and durable it actually is after a long tour..,/dp/B0GCZJR5ZY,https://www.amazon.in/dp/B0GCZJR5ZY
nasher miles luggage,"Very nice color or nice quality lock is good space very good no bags have space like this ha but after one 2 time used little dirty while flights
I’ll order cabin bag also.",/dp/B0GCZJR5ZY,https://www.amazon.in/dp/B0GCZJR5ZY
nasher miles luggage,"Very ordinary quality. No proper balance, not sturdy enough.
On top of that I was delivered a different colour

I returned this in the first go..",/dp/B0GCZJR5ZY,https://www.amazon.in/dp/B0GCZJR5ZY
nasher miles luggage,Good product I ordered medium size of the maroon red colour pretty God sturdy high quality 👌.,/dp/B0GCZJR5ZY,https://www.amazon.in/dp/B0GCZJR5ZY
nasher miles luggage,It's a good one. The color is as displayed in the ad picture. The body is light and the plastic quality seems moderately durable and the wheels are smooth and it's very much spacious. Now will have to see how sturdy and durable it actually is after a long tour..,/dp/B0GCZJR5ZY,https://www.amazon.in/dp/B0GCZJR5ZY
nasher miles luggage,"The suitcase is very good and fits in a lot of things
I bought it for my Grand daughter who is very happy not only with colour but also because it fitted in all her clothes books etc. A good buy and very reasonable cost..",/dp/B0GCZJR5ZY,https://www.amazon.in/dp/B0GCZJR5ZY
nasher miles luggage,Good product I ordered medium size of the maroon red colour pretty God sturdy high quality 👌.,/dp/B0GCZJR5ZY,https://www.amazon.in/dp/B0GCZJR5ZY
nasher miles luggage,"The suitcase is very good and fits in a lot of things
I bought it for my Grand daughter who is very happy not only with colour but also because it fitted in all her clothes books etc. A good buy and very reasonable cost..",/dp/B0GCZJR5ZY,https://www.amazon.in/dp/B0GCZJR5ZY
nasher miles luggage,"Love the bags and travel locks. I wish I could buy more now that I have left India. The case quality and design are top notch and the manoeuvrability is great compared to my safari bags. They are slightly compact compared to safari however they can accommodate more or less up to 23kg.
UPdate 1: After landing I noticed a lot more scratches than my 3 year old Safari bag. They seem to not have any protection on the surface. Hence the 3* review ..",/dp/B0GCZJR5ZY,https://www.amazon.in/dp/B0GCZJR5ZY
nasher miles luggage,Good product I ordered medium size of the maroon red colour pretty God sturdy high quality 👌.,/dp/B0GCZJR5ZY,https://www.amazon.in/dp/B0GCZJR5ZY
nasher miles luggage,"Very ordinary quality. No proper balance, not sturdy enough.
On top of that I was delivered a different colour

I returned this in the first go..",/dp/B0GCZJR5ZY,https://www.amazon.in/dp/B0GCZJR5ZY
nasher miles luggage,"Very ordinary quality. No proper balance, not sturdy enough.
On top of that I was delivered a different colour

I returned this in the first go..",/dp/B0GCZJR5ZY,https://www.amazon.in/dp/B0GCZJR5ZY
nasher miles luggage,"Very ordinary quality. No proper balance, not sturdy enough.
On top of that I was delivered a different colour

I returned this in the first go..",/dp/B0GCZJR5ZY,https://www.amazon.in/dp/B0GCZJR5ZY
nasher miles luggage,Good quality Cabin size bag with secure lock system.,/dp/B0GCZJR5ZY,https://www.amazon.in/dp/B0GCZJR5ZY
nasher miles luggage,"Very ordinary quality. No proper balance, not sturdy enough.
On top of that I was delivered a different colour

I returned this in the first go..",/dp/B0GCZJR5ZY,https://www.amazon.in/dp/B0GCZJR5ZY
nasher miles luggage,Bahut achcha quality hai.,/dp/B0GCZJR5ZY,https://www.amazon.in/dp/B0GCZJR5ZY
nasher miles luggage,Good product I ordered medium size of the maroon red colour pretty God sturdy high quality 👌.,/dp/B0GCZJR5ZY,https://www.amazon.in/dp/B0GCZJR5ZY
